LAMBDA,FLUX,FERROR,MASKGOOD
8003.7363,-5.597736255395689e-18,3.343698343922265e-18,True
8006.6577,4.9731533545679395e-18,2.6909767428881084e-18,True
8007.142,-8.481724963503487e-19,2.6303477686075227e-18,False
8008.5566,3.967848283872263e-18,2.6880285478590184e-18,True
8031.29,5.112995634331669e-18,2.571198751455962e-18,True
8031.593000000003,-2.536130176211426e-18,2.5645804850987508e-18,False
8031.7866,4.594085919371074e-19,2.4173030900220847e-18,False
8035.92,-6.180032259196776e-18,2.9355405416709204e-18,True
8055.211999999998,-1.6704497450407151e-18,2.964002069344688e-18,False
8055.8286,2.2376826010529758e-18,2.28649824899119e-18,False
8056.0435,5.625718987068667e-18,2.5085006248379408e-18,True
8056.53,2.0462458691891667e-18,2.4032405833494073e-18,False
8080.104,1.8845785395140898e-18,2.21940034537819e-18,False
8080.4946,3.509093161440167e-18,2.4138537720099e-18,True
8080.5283,2.5853874057305595e-18,2.375371181040668e-18,True
8081.581,3.970956700254447e-18,2.848761178566491e-18,True
8102.514,3.2645529120745363e-18,2.359440164170256e-18,True
8104.943,-1.7505436557532518e-18,2.097811884716577e-18,False
8104.9775,5.481383455762123e-18,2.3307777333369843e-18,True
8105.2019999999975,3.584648664391827e-18,2.721500391863586e-18,True
8129.17,1.6289083164157838e-18,2.0181585078483244e-18,False
8129.427,5.5131903987453364e-18,2.268590472594428e-18,True
8129.6553,5.0481616342484006e-18,2.6332689662299087e-18,True
8130.9565,-3.2791418767388876e-19,2.5765245608753407e-18,False
8153.0740000000005,2.3860154778395814e-18,2.2666093815921086e-18,True
8153.6169999999975,2.6581219048367718e-18,1.914923599671076e-18,True
8153.876,4.272726978387991e-18,2.179957843700859e-18,True
8154.1084,3.0607144785851748e-18,2.4887987759414297e-18,True
8178.0645,9.103351645734232e-18,1.903784163624215e-18,True
8178.325,1.6232064179305025e-19,2.137654585369678e-18,False
8178.561,6.1141014757482284e-18,2.390515617510606e-18,True
8178.757,5.117041774192253e-18,2.3274373194468987e-18,True
8202.511999999999,4.838307216977618e-18,1.7686617105996667e-18,True
8202.748,2.966301091486693e-18,2.129119519709653e-18,True
8202.774,2.6801628973417087e-18,2.112518261981018e-18,True
8203.015,4.643419073572338e-18,2.2882283256336266e-18,True
8226.91,6.788152778793026e-18,2.046119405575493e-18,True
8226.959,2.855244669049488e-18,1.6809546221030862e-18,True
8227.199,2.877718715210566e-18,2.078911741527081e-18,True
8227.466999999999,2.5006743400947797e-18,2.180377740457303e-18,True
8251.405999999999,3.991404032965042e-18,1.5933741785349258e-18,True
8251.649,3.593234805221953e-18,1.9888686175454158e-18,True
8251.92,1.885909213005581e-18,2.0281386857572413e-18,False
8252.205,5.375448244432984e-18,1.980397965678909e-18,True
8275.854,-3.715500342160773e-19,1.4904462170646858e-18,False
8276.101,3.995299553631226e-18,1.9080437082598758e-18,True
8276.122,-1.5349169994064867e-18,1.8752582245219216e-18,False
8276.373,2.4401728442584417e-18,1.9105662765174707e-18,True
8300.301,-5.47488954653106e-20,1.4438930502536275e-18,False
8300.552,3.4226578629148087e-18,1.842689906731924e-18,True
8300.571,2.08583040636219e-18,1.869454380057352e-18,True
8300.826,2.2809232425942518e-18,1.841864376090229e-18,True
8323.732,-1.9364501672069943e-18,1.2871783528607698e-18,True
8325.002,4.708775588549001e-18,1.8376210717594316e-18,True
8325.0205,1.477486594932369e-18,1.8239957195281728e-18,False
8325.279,2.939130411577546e-18,1.757828228748213e-18,True
8349.367,4.027521066194333e-18,1.7853523615999523e-18,True
8349.47,-1.5053684720901848e-18,1.7529973777325862e-18,False
8349.732,4.930642869086425e-18,1.715317859786884e-18,True
8350.37,-7.201567851389995e-19,1.3069196349492204e-18,False
8373.643,2.6765848294573108e-18,1.3031927242167203e-18,True
8373.919,-1.8486871321788557e-18,1.6999933990497364e-18,True
8373.947,6.8772565891587944e-18,1.7814977911810203e-18,True
8374.186,1.835563410416128e-18,1.6553846187687774e-18,True
8398.09,1.879230437813924e-18,1.2704903650319492e-18,True
8398.3545,2.0224605490006635e-18,1.7278833779210318e-18,True
8398.368,1.7260070094737123e-18,1.6852280686243368e-18,True
8398.639000000001,2.4304729119920913e-18,1.6342939551198859e-18,True
8422.536,1.8960229974836994e-18,1.243104814804376e-18,True
8422.625,3.988682463679792e-18,1.6835868560824536e-18,True
8422.806,-2.260912973945071e-19,1.6950888205814656e-18,False
8423.091999999999,6.834559980010093e-19,1.5372380999716753e-18,False
8446.983,3.877092790517501e-18,1.204014667421344e-18,True
8447.256,2.456826220835713e-18,1.685138844009013e-18,True
8447.545,3.7532545917543276e-18,1.500331725180296e-18,True
8447.711,6.790636210705163e-19,1.619198439479708e-18,False
8471.431,2.310673523030629e-18,1.1425244050693028e-18,True
8471.706,4.6155409719794694e-18,1.7373614267753108e-18,True
8471.716,5.492697056418764e-19,1.5989720145052355e-18,False
8471.997,6.97460568947677e-18,1.4653456418989634e-18,True
8495.873,4.8294561745446515e-18,1.1329841413704834e-18,True
8496.154,3.351454165176486e-18,1.610066894568164e-18,True
8496.165,3.03206262795764e-18,1.6659794520791762e-18,True
8496.444,2.76534866453542e-18,1.4567255008434737e-18,True
8519.305,2.700926607216725e-18,1.0341683669843914e-18,True
8520.6045,5.378244407218914e-18,1.5657883981129068e-18,True
8520.61,1.715219605022278e-18,1.5749074678776018e-18,True
8520.896,2.1372413332773245e-19,1.402972649153147e-18,False
8544.839,1.666573099903941e-18,1.5349600494917796e-18,True
8545.001,6.285566412575287e-18,1.7411909062686317e-18,True
8545.35,3.8082959699742495e-18,1.4182971363290568e-18,True
8545.921,1.5640296664252437e-18,1.0601028970267129e-18,True
8568.747,2.080176645339156e-18,1.355345992153739e-18,True
8569.212,1.6878916374824128e-18,1.053581923313699e-18,True
8569.533000000001,7.26951661947732e-18,1.77361333378973e-18,True
8569.98,-1.0874214838089234e-18,1.4728017136653337e-18,False
8593.659,2.1678106797128168e-18,1.0563693342052294e-18,True
8593.957,4.132597574473035e-18,1.4502544761304853e-18,True
8593.958,5.5116442616952e-20,1.4716094791677234e-18,False
8595.162,9.931677286061575e-19,1.307868520006429e-18,False
8618.106,2.110355694205388e-18,1.065572639599214e-18,True
8618.407,2.180608824436096e-18,2.0192918180577273e-18,True
8618.709,1.1973941873554285e-18,1.3425221989187978e-18,False
8642.544,1.924335983599297e-18,1.0631484821527895e-18,True
8642.856,7.704055726934072e-18,1.431717294768803e-18,False
8642.858,2.0241584171266057e-18,1.3768026277295883e-18,True
8643.162,2.5215951080087007e-18,1.343284110145997e-18,True
8666.45,2.448031037387412e-18,1.3759903802665776e-18,True
8667.013,-3.4191120868895285e-19,1.032440607404603e-18,False
8667.094000000001,1.0787660417331878e-17,1.5039381557271212e-18,False
8667.614,4.6374229113062946e-18,1.3273587170959059e-18,True
8691.448,-1.6337559747411295e-18,1.0345456728433936e-18,False
8692.067,2.2186716295572257e-18,1.2886873465477342e-18,True
8692.179,9.007297462521502e-18,1.3882474297924244e-18,False
8692.207,7.2585551262077915e-19,1.3463118512799176e-18,False
8715.8955,1.7239426551813792e-18,9.913647738429051e-19,True
8716.204,6.557896096716786e-18,1.2865738740887235e-18,True
8716.21,1.7689060202947572e-18,1.2445095375398702e-18,True
8716.5205,-2.7620042147810297e-18,1.262503430902644e-18,False
8740.343,1.4403710281655047e-17,1.1549133763109674e-18,False
8740.653,5.4359682935888004e-18,1.2223448836379829e-18,True
8740.661,1.6851218029768352e-18,1.196252276738772e-18,True
8740.974,-2.102961671678832e-18,1.2702683441957934e-18,False
8763.879,1.459897456384271e-17,1.10748707485929e-18,False
8765.103000000001,3.129245992893298e-18,1.157514426186528e-18,True
8765.112,9.165070125796382e-19,1.1246028286538291e-18,False
8765.427,1.9541637592173917e-18,1.219322035582088e-18,True
8789.519,4.6971984411136534e-18,1.1177031184266226e-18,True
8789.553,2.376731666499215e-18,1.1389739535463531e-18,False
8789.88,4.6067996882959114e-18,1.2001054727269795e-18,True
8790.337,1.6532451683372685e-17,1.1362571457876483e-18,False
8813.684000000001,7.062525971991289e-18,9.543366108230666e-19,True
8814.001,3.1735201693720374e-18,1.108425052632977e-18,True
8814.046,6.419164240675378e-18,1.1376921800852007e-18,True
8814.333,1.94891597829306e-18,1.1887139283249394e-18,True
8837.726,3.8533047337514195e-18,1.11296793990988e-18,True
8838.131,4.879842687355746e-18,9.512568568027763e-19,True
8838.464,1.6664713501062323e-18,1.0529615698490462e-18,True
8838.786,6.792458921669005e-19,1.1785186012389118e-18,False
8862.578000000001,1.8397584311652237e-18,9.227384081725211e-19,True
8862.587,3.194949133469576e-18,1.1648545525179679e-18,True
8862.915,1.602648590965844e-18,1.0076329393233922e-18,True
8863.936,2.6282848353799567e-18,1.0277769466854186e-18,True
8887.025,2.5072352764750696e-18,9.201540447519964e-19,True
8887.35,2.540181159384445e-18,1.0096037320379372e-18,True
8887.366,2.760594655875651e-18,9.745789408191451e-19,True
8888.176,3.2055163058239605e-18,1.1413941366727018e-18,True
8911.473,2.803500625361418e-18,9.052853875609514e-19,True
8911.799,2.5692336603424397e-18,9.83772438747245e-19,True
8911.815999999999,1.4312269401417099e-18,9.624051353580684e-19,True
8912.145,3.2508667325179123e-18,1.183286450132712e-18,True
8935.562,4.426652033996336e-18,9.211555908994159e-19,True
8936.248,4.035369415764373e-18,9.6096178912182e-19,True
8936.268,1.7316838087712518e-18,9.393290115907336e-19,True
8936.598,4.06245642003699e-18,1.1465975371662758e-18,True
8959.684000000001,4.7410731703869816e-18,9.342909247840722e-19,True
8960.697,2.402458216573068e-18,9.344451680561984e-19,True
8960.841,3.724929010170848e-18,9.309192098481423e-19,True
8961.051,3.008478194285958e-18,1.143631681042696e-18,True
8984.814,3.022023746983413e-18,8.90948574694707e-19,True
8985.146,3.2621480260312934e-18,9.417258710805023e-19,True
8985.504,3.5680295198781485e-18,1.134585376627902e-18,True
8985.945,7.392439278755255e-19,9.049560499597936e-19,False
9009.261999999999,4.880412938317938e-18,9.079305106073686e-19,True
9009.596,4.4531325274415036e-18,9.033614649142875e-19,True
9009.62,4.316117392718893e-18,9.092178316189648e-19,True
9009.957,5.432894935871896e-19,1.1616010884644644e-18,False
9033.709,3.947782783579274e-18,9.0587838496653e-19,True
9034.045,5.07160009912708e-18,8.76750964043284e-19,True
9034.071,5.804288827958732e-18,8.829286585853725e-19,True
9034.41,1.3853063903138159e-18,1.1304978320393378e-18,True
9058.155,5.9210110589379695e-18,9.365639286150587e-19,True
9058.495,5.7271408470766674e-18,8.845749181899911e-19,False
9058.521,5.3823817571230396e-18,8.880917504651883e-19,False
9058.863000000001,6.878205439463582e-18,1.1492738242128955e-18,False
9082.603000000001,4.9780982590367516e-18,9.467724945356215e-19,False
9082.944,5.834991148757723e-18,8.666009655814993e-19,True
9082.973,6.0430941946799025e-18,8.835038764481006e-19,True
9083.315,7.09096666588724e-18,1.143006472752579e-18,True
9107.05,5.2215436314546255e-18,9.28981524798026e-19,True
9107.394,6.2222521478477885e-18,8.486480819769692e-19,True
9107.424,3.998110750831164e-18,8.375715289743705e-19,False
9107.769,8.096792866900311e-18,1.1481237839945506e-18,True
9131.497,9.567536254560914e-18,9.580823458177271e-19,True
9131.843,6.4072720330422845e-18,8.344169387699156e-19,True
9131.874,5.401487859559151e-18,8.406431606460262e-19,False
9132.222,1.0332267965916676e-17,1.154365543882914e-18,True
9155.944,9.503084661138143e-18,9.409245442886632e-19,True
9156.292,1.07708179277145e-17,8.57642318785939e-19,True
9156.325,6.422769858347736e-18,8.246206896073242e-19,True
9156.675,1.1533578400347062e-17,1.1650861158448758e-18,True
9180.392,9.096357663664952e-18,9.326720140097058e-19,True
9180.741,8.71916468617645e-18,8.117378211155859e-19,True
9180.776,7.052242396779569e-18,7.901899795661098e-19,True
9181.128,9.228579874645766e-18,1.1396643826610312e-18,True
9204.839,8.4425913580015e-18,9.26090255499638e-19,True
9205.19,9.034740700008342e-18,7.991335432246879e-19,True
9205.226999999999,9.428187823933783e-18,8.10957949349427e-19,True
9205.58,1.1087361882092517e-17,1.1411899806713663e-18,True
9229.285,9.822333180899151e-18,9.507824259971767e-19,True
9229.641,8.843037234289996e-18,7.7752887686564445e-19,True
9229.678,8.871040494320887e-18,7.830452848731804e-19,True
9230.033000000001,9.070656143680916e-18,1.11946959103326e-18,True
9253.732,8.258478396848844e-18,9.184443606889463e-19,True
9254.09,9.351217685667307e-18,7.7868874137105245e-19,True
9254.129,8.569086260145854e-18,7.699521329820222e-19,True
9254.485999999999,8.239655750609365e-18,1.1153882572370256e-18,True
9278.18,1.0583720422272367e-17,9.508334327903751e-19,True
9278.539,1.0584610202158835e-17,7.749557369999981e-19,True
9278.58,8.053976252953096e-18,7.596840556411873e-19,True
9278.939,1.0767903992846992e-17,1.1388962622278826e-18,True
9302.627,1.0309935466128771e-17,9.462360565322904e-19,True
9302.988000000001,9.611505211412263e-18,7.530525651441209e-19,True
9303.03,1.1433883575551871e-17,7.823703120586954e-19,True
9303.393,1.0525508583852913e-17,1.1427141024438836e-18,True
9327.074,1.0048808419506704e-17,9.426711225659894e-19,True
9327.4375,9.501551875865816e-18,7.471633388591825e-19,True
9327.481,1.2344701011745364e-17,7.970483774767965e-19,True
9327.845,1.114402393972468e-17,1.1498064133658563e-18,True
9351.521,1.136329912482116e-17,9.687216555682907e-19,True
9351.886999999999,1.1647776454007291e-17,7.551375271979015e-19,True
9351.933,1.1668399893042814e-17,7.668036787140289e-19,True
9352.298,1.135847610112782e-17,1.1600227836368744e-18,True
9375.968,1.1437373951305264e-17,9.68420406379736e-19,True
9376.337,1.2833982579168376e-17,7.605675329911448e-19,True
9376.384,1.1483830933237639e-17,7.617277905915289e-19,True
9376.751,1.1678077662859462e-17,1.1773603903218808e-18,True
9400.415,1.0304846682435375e-17,9.891865949029507e-19,True
9400.786,1.2217347242724067e-17,7.510040770151762e-19,True
9400.829,1.2321453495860267e-17,7.754347763580076e-19,True
9401.203000000001,1.1180625241429495e-17,1.1568277066185967e-18,True
9424.857,1.1041294512393959e-17,9.489183200200036e-19,True
9425.234,9.82570285895266e-18,7.211182194818526e-19,True
9425.277,1.066933571459932e-17,7.348323403339627e-19,True
9425.652,1.2652367943324112e-17,1.1958508058479687e-18,True
9449.305,1.089275758211543e-17,9.271609275195942e-19,True
9449.676,1.1092317735890872e-17,7.225820212849595e-19,True
9449.729,9.815875493629573e-18,7.207906820118304e-19,True
9450.105,1.274139361676688e-17,1.145750456618258e-18,True
9473.752,1.3093141047627172e-17,9.511008767141655e-19,True
9474.126,1.0567309313629976e-17,7.109619510948115e-19,True
9474.18,1.0410023481613667e-17,7.286075593369623e-19,True
9474.559000000001,1.2907732310440251e-17,1.1153416124840824e-18,True
9498.199,1.195172756443348e-17,9.049750816487084e-19,True
9498.575,9.771692971445003e-18,6.9783447326889025e-19,True
9498.63,1.1024670270219529e-17,7.19521474690244e-19,True
9499.011999999999,1.2485413001685432e-17,1.089604429324425e-18,True
9522.646,1.111807012667691e-17,8.74828445079983e-19,True
9523.024,1.0242582230560609e-17,6.882738578874074e-19,True
9523.081,1.0981981693156933e-17,7.12507406654388e-19,True
9523.464,1.1156277581620901e-17,1.0537948191263872e-18,True
9547.093,1.1087814369005854e-17,8.579299268961634e-19,True
9547.474,1.1749526859180412e-17,7.119373459958633e-19,True
9547.532,9.926948286577689e-18,7.030035259380307e-19,True
9547.917,1.2175498589016254e-17,1.046667617129864e-18,True
9571.54,1.1251076676953719e-17,8.413712061864044e-19,True
9571.923,1.2165451682575504e-17,7.035808723459907e-19,True
9571.983,9.486172988574792e-18,6.891674533794984e-19,True
9572.37,1.2568610780759571e-17,1.0217745708396615e-18,True
9595.457,6.765203127812257e-18,6.262466530885124e-19,False
9595.987,9.982432714755816e-18,8.06117981612108e-19,True
9596.434000000001,1.1227482275307443e-17,7.052040665835691e-19,True
9596.822,9.673967149458378e-18,9.810627877779685e-19,True
9620.435,1.059526229642032e-17,7.951157629529651e-19,True
9620.885,1.0119921509949446e-17,6.917423837225171e-19,True
9621.212,1.0207283601031528e-17,9.747021291591885e-19,True
9621.893,8.961965188844362e-18,6.624993846432103e-19,True
9644.882,1.0814853167592807e-17,7.812133496593732e-19,True
9645.271,1.1957762006572944e-17,6.922660635528333e-19,True
9645.336,1.1223736180947213e-17,7.069564317062461e-19,True
9645.768,5.680494299432459e-18,9.8200489299534e-19,False
9669.329,1.0290230582543612e-17,7.609721797036826e-19,True
9669.721,1.1428345954617764e-17,6.869540223350851e-19,True
9669.786,1.2444125451087099e-17,7.095584652578765e-19,True
9670.181999999999,9.84866881656503e-18,9.390640349937395e-19,True
9693.098,9.65233017318985e-18,7.6948039185696355e-19,True
9694.148000000001,1.0992699594980674e-17,6.930989174398993e-19,True
9694.237,1.095534395626024e-17,7.064639777599698e-19,True
9694.635,1.1093010876860887e-17,9.190373937928544e-19,True
9718.0205,1.0955163193902352e-17,7.073338712776337e-19,True
9718.232,1.0106383913697767e-17,8.913353524759672e-19,True
9718.645,9.950761040872427e-18,6.724595425083853e-19,True
9719.226999999999,1.0418919579467797e-17,7.496018765574598e-19,True
9742.67,1.1891824913618514e-17,7.461404558204293e-19,True
9743.068000000001,1.0127568927271429e-17,6.658382090286057e-19,True
9743.64,8.984156484434287e-18,6.953098901096079e-19,True
9744.061,8.733321867244522e-18,8.8729959981357e-19,True
9766.8,1.1174716977229435e-17,6.87849605995021e-19,True
9767.117,1.1195082066558524e-17,7.194722419009668e-19,True
9767.59,1.1299074474881655e-17,7.069163525671683e-19,True
9767.993,9.021200291727144e-18,8.712810333731484e-19,True
9791.564,1.2533339714311472e-17,7.239773171021498e-19,True
9791.636,1.2123950194323782e-17,8.580736952384325e-19,True
9792.041,1.2316926319852593e-17,7.140410830685712e-19,True
9792.863000000001,1.077205263008734e-17,6.821660910160781e-19,True
9816.011999999999,1.1456090841186258e-17,7.028278506374134e-19,True
9816.107,9.663032271903962e-18,6.845883198179439e-19,True
9816.417,1.1156080218154243e-17,6.8470539077975e-19,True
9817.444,1.0724350167798502e-17,8.586621934734037e-19,True
9840.459,1.1478415710472607e-17,7.002263412983175e-19,True
9840.866,1.2367931382697324e-17,7.014482571089302e-19,True
9841.190999999999,1.041408444231114e-17,7.093091020304377e-19,True
9841.353000000001,1.063589593848172e-17,8.228251893875323e-19,True
9864.731,1.1102423114108112e-17,6.875705734918807e-19,True
9865.315,1.1266636655036692e-17,6.924107003603385e-19,True
9865.394,1.0541591602745336e-17,7.103517284037773e-19,True
9865.805,1.2706905339511954e-17,8.223960751534262e-19,True
9888.879,8.596108372476072e-18,6.861368620102377e-19,False
9889.583,1.1380035413378124e-17,6.8473274462972115e-19,True
9889.765,1.1370233425223699e-17,7.032059782500635e-19,True
9890.258,1.2430262962252974e-17,8.075418016737425e-19,True
9913.8,1.1225054066961646e-17,6.662797913256167e-19,True
9914.214,1.114431670961135e-17,7.098495740468206e-19,True
9914.711,1.352173702329336e-17,8.111437214656936e-19,True
9914.965,7.49506410744525e-18,6.9624346157670455e-19,False
9938.247,1.2592329986250367e-17,6.773458967484236e-19,True
9938.663,1.1308765408828272e-17,7.276246705149197e-19,True
9938.746,1.0786462654260902e-17,7.232492173329952e-19,True
9939.164,1.2900845572442199e-17,7.972237017752775e-19,True
9962.694,1.2775448717412331e-17,6.627109887886751e-19,True
9963.112,1.166371143907515e-17,7.086084719629668e-19,True
9963.196,1.1430747169280602e-17,7.317650310602656e-19,True
9963.617,1.2399736210094154e-17,7.790689864374834e-19,True
9987.121,1.2549629636183779e-17,6.61800280137845e-19,True
9987.5625,1.2460330772570954e-17,7.158689067028912e-19,True
9987.646999999999,1.1507332992582932e-17,7.20389063001564e-19,True
9988.07,1.0982601959106371e-17,7.509734660027156e-19,True
10011.617,1.0744504880820499e-17,6.24893734954737e-19,True
10012.011999999999,1.165006287935387e-17,7.114928418596417e-19,True
10012.099,1.205260449388056e-17,7.372035462394506e-19,True
10012.523000000001,1.2208767409130124e-17,7.412459442214581e-19,True
10036.036,1.083344304312139e-17,6.205879339379073e-19,True
10036.461,1.0187203309951456e-17,6.969602292362317e-19,True
10036.549,1.0417972749180272e-17,7.129999241931823e-19,True
10036.976999999999,1.2900743873325487e-17,7.372191129550973e-19,True
10060.483,1.0956948748207207e-17,6.05507785142609e-19,True
10060.91,1.077725021025344e-17,7.091159372797394e-19,True
10061.0,1.1231108494728107e-17,7.281844762641115e-19,True
10061.429,1.309287689388827e-17,7.316577565196215e-19,True
10084.931,1.1061859042480216e-17,6.147738365257735e-19,True
10085.359,1.2317665702022694e-17,7.2853920069780005e-19,True
10085.451,1.2367616119992309e-17,7.58282980055224e-19,True
10085.882,1.2017512612569285e-17,7.230180013998055e-19,True
10109.378,1.0263763982691863e-17,5.984447549412771e-19,True
10109.809000000001,1.1347275609553747e-17,7.2682729109293575e-19,True
10109.901,1.1645539093701522e-17,7.521777170489809e-19,True
10110.335,1.1965216657509264e-17,7.146328669305707e-19,True
10133.825,1.0381906002565607e-17,5.918045687750885e-19,True
10134.258,1.1530712543664857e-17,7.229570566676918e-19,True
10134.353000000001,1.1764361914968272e-17,7.481575128927562e-19,True
10134.788,1.1222188694103633e-17,6.977941800913397e-19,True
10158.271999999999,1.1769941044344025e-17,6.021569181436316e-19,True
10158.707,1.186013061410474e-17,7.306566642684051e-19,True
10158.803,1.15260507200714e-17,7.522263814231166e-19,True
10159.241,1.1600890175485355e-17,6.989038675347392e-19,True
10182.72,1.1166194403139162e-17,5.862529948513066e-19,True
10182.879,1.1779219609536822e-17,7.48824645289949e-19,True
10183.254,1.1514324343489137e-17,7.631886669689795e-19,True
10183.694,1.1764318622992804e-17,6.886469134034457e-19,True
10207.167,1.08816156519079e-17,5.709857858742186e-19,True
10207.704,1.1414902901546459e-17,7.610049308909301e-19,True
10208.138,1.1720264686034179e-17,7.467841682206354e-19,True
10208.146999999999,1.1266052403183132e-17,6.736395539040104e-19,True
10231.614,1.1962126178196742e-17,5.771837001781459e-19,True
10232.055,1.0765714387362614e-17,7.274142759315476e-19,True
10232.155,1.0805519171260279e-17,7.50317165607072e-19,True
10232.601,1.069617402614894e-17,6.7299445094851325e-19,True
10256.062,1.2713471653115247e-17,5.78695496258667e-19,False
10256.504,1.093625400870048e-17,7.365352678870009e-19,True
10256.605,1.0415439860232823e-17,7.425643723775798e-19,True
10257.054,1.0591677058117542e-17,6.573754437500537e-19,True
10279.526,8.862274883338149e-18,5.164069120061259e-19,False
10280.953000000001,1.1265491141674829e-17,7.438646946928028e-19,True
10281.056999999999,1.1262120943467542e-17,7.675039610435231e-19,True
10281.507,1.0077731226361474e-17,6.454038551059146e-19,True
10305.402,1.0832231313609582e-17,7.3399291070401195e-19,True
10305.433,1.0871194468786187e-17,7.517956582608737e-19,True
10305.858,9.564603140318852e-18,5.434665068148869e-19,True
10305.96,1.2645188433971624e-17,6.630300029477569e-19,True
10329.785,1.1074029684955276e-17,5.502255775634734e-19,True
10329.851999999999,1.1261560192834535e-17,7.515316013012123e-19,True
10329.982,1.0905177508860543e-17,7.864597203563164e-19,True
10330.41,1.147092690717282e-17,6.491891727369314e-19,True
10353.841999999999,1.1233351335331796e-17,5.541216738876688e-19,True
10354.3,1.0561036422665946e-17,7.737550952660079e-19,True
10354.405,1.0521428244861472e-17,7.39586573766211e-19,True
10354.858,1.047307830495496e-17,6.323469156213739e-19,True
10378.289,9.653349979898269e-18,5.360080359824613e-19,True
10378.374,1.0080173034856462e-17,7.970648803138798e-19,True
10378.856,1.0877252124672571e-17,7.250269225327362e-19,True
10379.312,1.0618757258060011e-17,6.368189303718429e-19,True
10402.735999999999,9.178171018660403e-18,5.302273527411665e-19,True
10403.306999999999,1.1885491988213415e-17,7.349608132851338e-19,True
10403.765,1.2067653163655574e-17,6.527781555974096e-19,True
10404.0625,9.919480791183912e-18,7.640919916247274e-19,True
10427.184000000001,1.0111841037765467e-17,5.415542743236328e-19,True
10427.645,9.559126291905424e-18,7.113383037329359e-19,True
10427.758,1.1686060764322269e-17,7.304090656853184e-19,True
10428.218,9.90890907972496e-18,6.256217684425536e-19,True
10451.631,1.146204439474429e-17,5.824860196994334e-19,True
10452.094000000001,1.0593403350642158e-17,7.169431727918498e-19,True
10452.208,1.0899385450561313e-17,7.039724045387367e-19,True
10452.671,7.567208046243729e-18,6.3328939010009245e-19,False
10475.056,7.450436354547031e-18,5.1141438385410705e-19,False
10476.543,9.890177062387211e-18,7.124788152761456e-19,True
10476.659,9.689279148669591e-18,6.773386588271813e-19,True
10477.124,1.0362930755092662e-17,6.351277051458259e-19,True
10500.475,9.555677857802712e-18,7.37251214471082e-19,True
10500.65,9.552021717547462e-18,6.774629854718703e-19,True
10501.576000000001,1.0131966063303506e-17,6.301937311187254e-19,True
10501.686000000003,8.689680455405928e-18,5.44305349334449e-19,True
10524.973,9.817395961274436e-18,5.503717516387719e-19,True
10525.803999999998,9.708116767746676e-18,6.915687483269789e-19,True
10526.028999999999,1.1267986715063329e-17,6.447649661734358e-19,True
10526.388,8.878476836212261e-18,6.929560857755205e-19,True
10549.42,8.698591015206609e-18,5.465194747766206e-19,True
10549.891000000001,1.0086639456069452e-17,6.884978215239606e-19,True
10550.011,8.242829971491952e-18,6.771132006035981e-19,True
10550.469,1.0694803076575572e-17,6.53421557019751e-19,True
10573.866000000002,8.194494713028411e-18,5.3912326929508e-19,True
10574.238000000001,8.816117307706571e-18,6.571541999637472e-19,True
10574.339,1.055605853315859e-17,6.7572354693902035e-19,True
10574.462,9.966352623029763e-18,6.592720045898111e-19,True
10596.095,6.059959817217941e-18,4.667055471286031e-19,False
10598.788999999999,9.341813103656644e-18,6.455200973361764e-19,True
10598.912,9.635269764270963e-18,6.545944210933597e-19,True
10599.917,9.314651855852572e-18,6.409464114125022e-19,True
10622.903,8.942548349725363e-18,6.301329567238293e-19,True
10623.238000000001,8.456512997296213e-18,6.283834060633871e-19,True
10623.841999999999,9.809159315862783e-18,6.508103452198027e-19,True
10624.868,6.7538976290152224e-18,5.31083863618499e-19,False
10647.208,8.377543419777426e-18,5.25884877976192e-19,True
10647.6875,7.963586500701982e-18,6.219594283142447e-19,True
10648.098,9.178151802381439e-18,6.367130502156714e-19,True
10648.295,9.270488009306893e-18,6.402969899244594e-19,True
10671.655,9.698596600122182e-18,5.410637914659149e-19,True
10672.12,7.483101095474957e-18,6.01087630642829e-19,True
10672.136999999999,7.85481014553084e-18,5.939354577433484e-19,True
10672.748,7.926479775379116e-18,6.372948681212327e-19,True
10696.103000000001,9.856661655705987e-18,5.341594105233832e-19,False
10696.586000000001,7.355536973373386e-18,5.81865982747714e-19,True
10696.798,7.731501848389947e-18,6.012855041549518e-19,True
10697.201000000001,6.6368370405947695e-18,6.44633738577235e-19,True
10720.55,8.181791308639243e-18,5.313696531595439e-19,True
10721.035,8.31557224210448e-18,5.92670085554957e-19,True
10721.167,7.138404012441383e-18,5.795885004245403e-19,True
10721.653,6.2810376771831245e-18,6.436949462600122e-19,True
10744.997,7.82247276518161e-18,5.207466445093444e-19,True
10745.483999999999,9.237564635558576e-18,5.800558504228246e-19,True
10745.617,7.492586938964419e-18,5.7419866876112685e-19,True
10746.106000000002,5.570571448248271e-18,6.520256261917532e-19,True
10769.444,8.46157537886287e-18,5.331491440163447e-19,True
10769.934,8.564838538784587e-18,5.641281247780184e-19,True
10770.068000000001,6.4389970316244184e-18,5.639084634059177e-19,True
10770.56,6.6874428324451635e-18,6.55613714064575e-19,True
10793.892,7.967783379646915e-18,5.317040722663104e-19,True
10794.383,9.193218763444758e-18,5.662569673605578e-19,True
10794.518999999998,6.304484375191142e-18,5.634783166756902e-19,True
10795.013,7.547449024006706e-18,6.6085387882428295e-19,True
10818.339,7.951275430094149e-18,5.356040262268302e-19,True
10818.833,8.791881265251494e-18,5.533773519789369e-19,True
10818.97,7.543763415181822e-18,5.607927066969417e-19,True
10819.466,8.609295710088992e-18,6.804268214406424e-19,True
10842.786,9.018674040763976e-18,5.465656616983471e-19,True
10843.282,9.038159100594475e-18,5.480414040607429e-19,True
10843.421,7.544897434872474e-18,5.643342514734781e-19,True
10843.919,7.820370642706915e-18,6.5850290233074275e-19,True
10867.233,8.560139043346624e-18,5.4185837288932935e-19,True
10867.731000000002,8.911049581429647e-18,5.455703244618413e-19,True
10867.872,6.584982693935861e-18,5.433691525744299e-19,True
10868.372,6.670844571869605e-18,6.618452722862325e-19,True
10891.681,8.859460664596011e-18,5.472717785915536e-19,True
10892.181,9.183494120729648e-18,5.335838333765021e-19,True
10892.322,8.133342137256261e-18,5.307246890559148e-19,True
10892.823999999999,7.227762383251966e-18,6.787837229079159e-19,True
10916.128,8.706775305396413e-18,5.488976266628379e-19,True
10916.63,9.029729046154263e-18,5.241880758158122e-19,True
10916.773000000001,8.895022993504893e-18,5.361761705012496e-19,True
10917.277,6.9061829748329044e-18,6.836091734828361e-19,True
10940.573999999999,8.81076427100537e-18,5.51342690399755e-19,True
10941.079,8.745721176514917e-18,5.129461495342978e-19,True
10941.225,9.17459212925137e-18,5.715131850877106e-19,True
10941.73,9.306791825820902e-18,7.083248609264917e-19,True
10965.021,8.829684922335864e-18,5.637711822578925e-19,True
10965.528,8.945077018210778e-18,5.101185874391621e-19,True
10965.675,7.255575529451143e-18,5.043770053836267e-19,True
10966.184,9.13461362656181e-18,6.931730772347092e-19,True
10989.469,9.27957474184258e-18,5.67705567246462e-19,True
10989.979,8.394884561837852e-18,5.066877168586714e-19,True
10990.126,7.706487966178416e-18,5.064378462012456e-19,True
10990.636999999999,8.714302514374956e-18,6.9039265537005905e-19,True
11013.916000000001,9.887571492230642e-18,5.777678046098418e-19,True
11014.428,7.81685561523039e-18,4.989294125639367e-19,True
11014.577,7.795886245194042e-18,5.097832528420245e-19,True
11015.09,8.688792684737303e-18,6.923791539957868e-19,True
11038.363000000001,9.607223198139986e-18,5.800874314581437e-19,True
11038.877,8.367483347335924e-18,4.983947311929097e-19,True
11039.027,8.830311415028615e-18,5.093122242019242e-19,True
11039.543,9.485005228629636e-18,7.124486433013443e-19,True
11062.811000000005,9.490727415799942e-18,5.813089998989835e-19,True
11063.326000000001,7.872477854554601e-18,4.908471166912755e-19,True
11063.479,8.231138415113286e-18,4.9305860859659955e-19,True
11063.995,9.080787147887724e-18,7.19432348683389e-19,True
11087.258,9.614906422401593e-18,5.932413159181488e-19,True
11087.775,8.417225846632108e-18,4.856254702318291e-19,True
11087.93,8.900671913812831e-18,5.036949327447856e-19,True
11088.448,9.034604864228792e-18,7.1873705523272935e-19,True
11111.704,9.012611676104738e-18,5.94217127515419e-19,True
11112.225,7.981159906491003e-18,4.768439148842227e-19,True
11112.381000000001,8.518207764943884e-18,4.954137222762442e-19,True
11112.901000000002,8.195497517846086e-18,7.226572030768188e-19,True
11136.151000000002,7.97916116592437e-18,5.871873002602117e-19,True
11136.675,8.092726681999884e-18,4.774579896911174e-19,True
11136.831,5.985171220239462e-18,4.652137412364724e-19,False
11137.3545,8.803901288266057e-18,7.27692996548123e-19,True
11150.008999999998,8.099958136339082e-18,3.946786599923121e-19,True
11160.598999999998,7.372628043465913e-18,5.885853272168781e-19,True
11161.124,8.106316840061722e-18,4.796330978734307e-19,True
11161.282,7.134118411591661e-18,4.796974330533024e-19,True
11161.806999999999,7.823004928010654e-18,7.320650011136714e-19,True
11185.046,8.276307048183241e-18,5.985063879888897e-19,True
11185.573,7.214429234804959e-18,4.690774398204001e-19,True
11185.733,8.213858354894565e-18,5.5625941717476655e-19,True
11186.26,8.899804510477961e-18,7.483672717955025e-19,True
11195.941,8.069027808613261e-18,4.628546937467594e-19,True
11196.188,8.474752050386171e-18,3.4604615539593176e-19,True
11196.489,7.111228761459484e-18,3.9502391927204724e-19,True
11196.738000000001,8.062930863378302e-18,3.8513811883743156e-19,True
11209.492,8.718068555053706e-18,6.113901601015798e-19,True
11210.021999999999,7.507752503870209e-18,4.668507830227271e-19,True
11210.185,7.03291147857634e-18,6.294854807334949e-19,True
11210.713,7.115409335300005e-18,7.405461825995639e-19,True
11233.938999999995,7.687208592403299e-18,6.084700152829855e-19,True
11234.472,8.920103356042294e-18,4.894422792269926e-19,True
11234.633999999998,8.031738777164799e-18,6.260029437844064e-19,True
11235.166000000001,8.559155789324216e-18,7.636122895434334e-19,True
11242.661,8.708298876383004e-18,4.653568597820904e-19,True
11242.916000000001,7.758068945086989e-18,3.3099466779414635e-19,True
11243.212,7.482647285932483e-18,3.9071133948721577e-19,True
11243.468,8.081002034811505e-18,3.804732334038913e-19,True
11258.386,8.124227660430217e-18,6.364491306969499e-19,True
11258.921999999999,8.707691334287015e-18,4.94010412020606e-19,True
11259.078000000001,9.711410326104806e-18,5.646005845532881e-19,True
11259.616000000002,8.465217323087932e-18,7.925378762950727e-19,True
11282.829,8.232265785365782e-18,6.136235414380884e-19,True
11283.367,7.431545453451462e-18,4.804579267935843e-19,True
11283.528999999999,7.796098706525222e-18,4.861073325125284e-19,True
11284.067,7.856048576607417e-18,7.588213430513351e-19,True
11289.381000000001,7.496861505075816e-18,4.477181865491248e-19,True
11289.643,7.64370049292301e-18,3.2547259717116823e-19,True
11289.935,8.338810276438501e-18,3.9910288853981435e-19,True
11290.197,8.128958171687995e-18,3.794950355860257e-19,True
11336.101,8.702321942184161e-18,4.599935343924006e-19,True
11336.368999999999,7.64651476453063e-18,3.196971533517273e-19,True
11336.656,7.579640478461634e-18,3.8176248462477295e-19,True
11336.927,8.023074944852893e-18,3.7470959602232795e-19,True
11382.819,8.208798089244121e-18,4.514696232919455e-19,True
11383.096000000001,7.810143987318196e-18,3.177993054739559e-19,True
11383.378999999999,8.273919985105312e-18,3.862177465525793e-19,True
11383.657,7.743747286561181e-18,3.683810804171685e-19,True
11429.538999999999,9.233968189486815e-18,4.606969656768369e-19,True
11429.822,8.007839116188794e-18,3.1440544005869123e-19,True
11430.101999999999,7.973075524663396e-18,3.7272304083171715e-19,True
11430.386999999999,8.227502874415295e-18,3.738335456640446e-19,True
11476.258999999998,8.805068484968211e-18,4.660800863987168e-19,True
11476.548999999999,8.602756051874515e-18,3.1995717710702474e-19,True
11476.823999999999,8.851535501298762e-18,3.7972639794926905e-19,True
11477.116000000002,8.531125308708421e-18,3.7739158622133004e-19,True
11522.978000000001,1.0089739009895111e-17,4.785434644084575e-19,True
11523.275,8.723538542496332e-18,3.1895513914780607e-19,True
11523.546,8.515924310780832e-18,3.7057459769493527e-19,True
11523.845,9.42628626696797e-18,3.895899880187985e-19,True
11569.697,9.735165097889162e-18,4.77905003122166e-19,True
11570.003,9.139786970639899e-18,3.2284443447081385e-19,True
11570.268999999998,9.604673550836966e-18,3.7985672872158543e-19,False
11570.575,9.546477932076496e-18,3.9161708096539703e-19,True
11616.417,9.536876155179132e-18,4.770333802988841e-19,True
11616.7295,1.0118607554419816e-17,3.360631867939141e-19,False
11616.761999999999,9.649148570116503e-18,3.821238878117967e-19,True
11617.305,9.814882136562903e-18,3.9472279280215325e-19,True
11662.587,8.975904589114601e-18,3.708680098946185e-19,False
11663.136,9.445310312451567e-18,4.731203333335225e-19,True
11663.456,9.313015030591023e-18,3.1977398628699747e-19,True
11664.034,1.0212934578971807e-17,4.0111017406206043e-19,False
11708.822,5.975942578844349e-18,3.535352937067512e-19,False
11709.855,1.0686571275353876e-17,4.753181341001576e-19,False
11710.184,9.063965885456919e-18,3.114481816411251e-19,True
11711.403999999999,6.394785541671056e-18,3.215974341490825e-19,False
11756.575,1.0358239851188094e-17,4.646499597608686e-19,True
11756.91,9.401084385924206e-18,3.136052393093051e-19,True
11757.158000000001,9.917352879572737e-18,3.681761834563631e-19,True
11759.787,7.031516465422916e-18,3.556610691014889e-19,False
11803.294,9.286395667115286e-18,4.4802364218880955e-19,True
11803.636999999999,1.0395819461875088e-17,3.2282795408365983e-19,True
11803.881000000001,9.299750909570833e-18,3.519780119924229e-19,True
11805.063999999995,1.0118230098249502e-17,3.9331683430298334e-19,True
11849.632,1.0510886641356819e-17,4.594596208236768e-19,False
11850.364,9.952697940136212e-18,3.1256729729387997e-19,True
11850.603000000001,8.99684364409842e-18,3.4634296304611215e-19,True
11850.952,1.0258655115029939e-17,3.8897241406589773e-19,False
11895.471000000001,9.599031772057404e-18,3.0414717734522036e-19,True
11896.792,1.1075370912019427e-17,4.786166986532995e-19,True
11897.325,9.14200789153138e-18,3.436375018436909e-19,False
11897.681,1.0497853500238992e-17,3.9384587152638203e-19,True
11943.223999999998,7.296426336508675e-18,2.558647890932694e-19,False
11943.451000000001,1.0543322510728575e-17,4.644084793250236e-19,False
11944.048,8.87927354172902e-18,3.3755272133668715e-19,True
11944.411,9.960843714396244e-18,3.8925370781688044e-19,True
11987.257,8.574898017339653e-18,3.320852854212485e-19,True
11990.17,1.0117193057566369e-17,4.440945210175886e-19,True
11991.136999999999,1.005710046379378e-17,3.952045753883909e-19,False
11993.313,7.42832783304735e-18,2.6720333401420767e-19,False
12036.889,1.0167518478246346e-17,4.407236883068639e-19,False
12037.258999999998,8.417384972854527e-18,2.7976060702307736e-19,True
12037.864,9.531670784328224e-18,3.703999582824186e-19,True
12040.313999999995,2.4755748370555523e-18,3.115834207739648e-19,False
12079.473999999998,1.0019142153702682e-17,4.0407580979133437e-19,False
12082.973999999998,8.583069173775916e-18,3.2598281925031743e-19,True
12083.608,1.0227821231788143e-17,4.3217327489833754e-19,False
12083.985,8.172780275793508e-18,2.7785793492371997e-19,True
12130.327,1.0108547919464278e-17,4.258883762308749e-19,False
12130.713,7.971088855495096e-18,2.746763114818744e-19,True
12131.933,5.132086091858348e-18,2.7597173730951425e-19,False
12137.675,8.717759877276392e-18,3.598592108461095e-19,True
12175.507,9.717152533350217e-18,4.1726679263489574e-19,True
12177.438999999995,8.257490134398895e-18,2.775247665217303e-19,True
12177.544,9.184471305463639e-18,3.537871780437631e-19,True
12177.653999999999,8.343927538775806e-18,3.1415527455761926e-19,True
12224.128999999999,9.601018853463428e-18,4.6315560302453735e-19,True
12224.166000000001,8.235744886679639e-18,2.711541063993417e-19,True
12224.377,7.502934577259724e-18,3.0019357771187164e-19,True
12225.562,9.363313573173556e-18,3.463311321358752e-19,False
12257.858999999999,3.7533612371101026e-18,1.8695210387535976e-19,False
12270.042,8.22457430698772e-18,3.8650892891117655e-19,True
12271.1,7.561334901568586e-18,2.9804285973502585e-19,True
12271.511999999999,8.537750937416779e-18,3.287926058781867e-19,False
12317.335,8.149272272656873e-18,3.7815871849900373e-19,True
12317.821000000002,7.84739267549157e-18,3.011086160840376e-19,True
12318.241000000002,8.547688238172573e-18,3.359788556843665e-19,True
12328.811000000005,5.083023502968338e-18,2.231046113535118e-19,False
12361.826000000001,6.4742731822600224e-18,2.384623281697628e-19,False
12363.925,7.836819847628097e-18,3.649643424383903e-19,True
12364.544,7.267426140941182e-18,2.917911026203057e-19,True
12364.971000000001,8.162797108053883e-18,3.193544725299732e-19,True
12410.643999999998,8.020793932383992e-18,3.646993463520596e-19,True
12411.267,7.154998795707677e-18,2.9058429385872976e-19,True
12411.7,8.062876221136612e-18,3.102166297641048e-19,True
12413.775,6.6577430361889835e-18,2.4268419493038466e-19,False
12457.363000000001,7.936428497536846e-18,3.567812008213403e-19,True
12457.801000000001,7.36067868709254e-18,2.537403697754423e-19,True
12457.989,6.660219647644305e-18,2.817401722402832e-19,True
12458.43,7.887464076877167e-18,3.0495030765886675e-19,True
12504.083,7.656836351826533e-18,3.4754675657383887e-19,True
12504.527,7.059045206750463e-18,2.478397145153306e-19,True
12504.711000000001,7.553037662471924e-18,2.920537879413507e-19,True
12505.159,7.760002693971615e-18,3.0013443987842e-19,True
12550.802,7.577566712232716e-18,3.4352028428689277e-19,True
12551.253999999999,7.003561280875806e-18,2.472192329336309e-19,True
12551.434,7.33759715335589e-18,2.9044483712797307e-19,True
12551.889,7.678184734829209e-18,2.935891400790442e-19,True
12597.521,7.223669549474233e-18,3.3763717469820763e-19,True
12597.98,6.776242813655598e-18,2.4413983942041243e-19,True
12598.155,6.941478682936146e-18,2.864232725350758e-19,True
12598.618,7.178476557983832e-18,2.8509148616248285e-19,True
12643.764,7.523205991906036e-18,3.4034025397760634e-19,True
12644.707,6.8790791653060824e-18,2.466241886371243e-19,True
12644.878,6.343834354794512e-18,2.7861191587423966e-19,True
12645.348,6.8264794261968205e-18,2.797171138713919e-19,True
12691.192,7.823365736735837e-18,3.48700996841103e-19,True
12691.434,6.554001661063132e-18,2.4179340772000164e-19,True
12691.601,5.680120686220616e-18,2.7139975255003557e-19,False
12692.077,6.6628428181739734e-18,2.7387882060217305e-19,True
12737.68,6.652093555237177e-18,3.1969569166057587e-19,True
12738.16,6.4624313432311295e-18,2.3896078496863337e-19,True
12738.323,6.599785799905512e-18,2.8202669074582625e-19,True
12738.806999999999,6.7320454847257295e-18,2.693202428597477e-19,True
12784.399,5.954772701608105e-18,3.0639332073358688e-19,True
12784.888,6.32891853595327e-18,2.3520237097375794e-19,True
12785.046,6.1214896437259994e-18,2.7048199409918504e-19,True
12785.536,6.469609885147585e-18,2.6457267098574355e-19,True
12831.118999999999,6.0457755277693385e-18,3.0462405361036016e-19,True
12831.614,6.104443770243942e-18,2.325455635320385e-19,True
12831.768,6.5902715223323606e-18,2.7608300991902714e-19,True
12832.266000000001,6.0258784559185344e-18,2.5467569388473645e-19,True
12877.838,5.849517247169087e-18,3.0255535839865394e-19,True
12878.341,6.1051813866854475e-18,2.329162266328302e-19,True
12878.49,7.154491804978378e-18,2.82723399726856e-19,False
12878.996000000001,5.891072964458248e-18,2.5015827191328993e-19,True
12924.558,6.6465350963909786e-18,3.0358606396590716e-19,True
12925.068000000001,5.881250739592084e-18,2.2939564026151283e-19,True
12925.213,5.9175407953658985e-18,2.7071739984979786e-19,True
12925.726,6.0920785728313695e-18,2.4894541460305227e-19,True
12971.277,6.835390456908302e-18,2.9916301763612633e-19,True
12971.795,5.566107292301678e-18,2.2740515740911947e-19,True
12971.935,5.700304106982893e-18,2.6777760552521983e-19,True
12972.455,5.729957284820391e-18,2.4245562338839155e-19,True
13017.535,6.008695909500961e-18,2.843866584912594e-19,True
13018.521,5.7491669186854044e-18,2.279797158869825e-19,True
13018.657,5.4120509752976665e-18,2.6163732510689677e-19,True
13019.185,5.498070109717535e-18,2.375035532285932e-19,True
13064.072,4.913110228412851e-18,2.607002361950182e-19,True
13064.991000000002,6.360781596878911e-18,2.9240422585113216e-19,True
13065.248,6.079244163464672e-18,2.307248517479073e-19,False
13065.913999999999,5.418345020291868e-18,2.315326665276805e-19,True
13111.436000000005,5.450103308820651e-18,2.697990504804628e-19,True
13111.975,5.745279030108345e-18,2.2465278940223717e-19,True
13112.643999999998,5.3763467080371384e-18,2.27183128489236e-19,True
13112.996000000001,2.7787659888913854e-18,2.4614294484700083e-19,False
13158.155,5.857454527360222e-18,2.7329865671424267e-19,True
13158.375,5.626422159403435e-18,2.3347584990615567e-19,True
13158.701000000001,5.201290377981656e-18,2.2040534597688586e-19,True
13158.823999999999,4.7378921721545206e-18,2.54238705366469e-19,True
13204.874,5.2309466079715655e-18,2.6144181328178264e-19,True
13205.428,4.5572802706375215e-18,2.1377534946094566e-19,True
13205.546999999999,5.168041974294018e-18,2.589782540328875e-19,True
13207.25,4.959499113639766e-18,2.2045918485604427e-19,True
13251.008,5.198096090106901e-18,2.622478360108809e-19,True
13252.153999999999,4.4275569021904325e-18,2.114892345435435e-19,True
13252.27,5.3495998118270275e-18,2.586983714539078e-19,True
13252.832,4.8067152692313394e-18,2.1323571961042085e-19,True
13298.66,5.216045553653738e-18,2.5799890560914464e-19,True
13298.882,4.648582033874408e-18,2.1421496785047316e-19,True
13298.991000000002,5.656392834929533e-18,2.876362918313558e-19,True
13299.562,4.690892234619196e-18,2.0908211310569389e-19,True
13343.555,4.3634574148587015e-18,2.1358836913489178e-19,True
13345.033000000001,4.906366793205426e-18,2.529789675011853e-19,True
13345.714,4.88343556218447e-18,2.575455237694237e-19,True
13346.292,4.7930084146106815e-18,2.1028811428680254e-19,True
13391.752,4.465546042370314e-18,2.4818255683195216e-19,True
13392.437,4.279019126104278e-18,2.571234431109557e-19,True
13393.021,4.595027721694009e-18,2.0882602868926475e-19,True
13394.745,3.9374804972095135e-18,2.087064296939092e-19,False
13438.472,5.092694357252048e-18,2.5561262480827787e-19,True
13439.062,4.13464553155365e-18,2.165774220494894e-19,True
13439.158000000001,4.7336369543093455e-18,2.6333669619683487e-19,True
13439.751,3.913463753820142e-18,2.0669370160967244e-19,False
13484.758999999998,5.608823611440724e-18,2.7759810159717747e-19,False
13485.788999999999,4.709730619065613e-18,2.2239549126482095e-19,True
13485.881000000001,4.690392247690368e-18,2.575121796360898e-19,True
13486.48,3.7477696948546475e-18,1.9969230823261572e-19,False
13532.211000000001,5.419539055244716e-18,2.6003447591404093e-19,False
13532.516000000001,4.410622540508236e-18,2.1435747998103703e-19,True
13532.604,3.960642414668476e-18,2.4674438186452995e-19,True
13533.21,4.4188570941222146e-18,2.0200629246026007e-19,True
13578.631000000001,4.832328996979954e-18,2.375398880656998e-19,True
13579.242,4.056793053857508e-18,2.11269694673833e-19,True
13579.325,4.183419293176613e-18,2.510523864314984e-19,True
13579.938999999995,4.138155403526055e-18,1.9310445514339312e-19,True
13624.831,4.541379382823174e-18,2.5667805446706746e-19,True
13625.35,5.053903111238208e-18,2.366696124749078e-19,True
13625.969,4.107035537536442e-18,2.1856853096041567e-19,True
13626.669,4.150705090026916e-18,1.9315082556499683e-19,True
13672.069,4.814802000439394e-18,2.299149895976573e-19,True
13672.695,4.0213924662117514e-18,2.15282567092186e-19,True
13673.388,4.330776027826864e-18,2.644567134151214e-19,True
13673.398000000001,4.036796508464808e-18,1.8786637755768574e-19,True
13718.788999999999,4.324444448088234e-18,2.2380158700122967e-19,True
13719.421999999999,4.155952610989286e-18,2.1253964071283753e-19,True
13719.492,4.385120181240951e-18,2.559265926200427e-19,True
13720.104,3.866477017387442e-18,1.8341920164716612e-19,True
13765.508,4.244635232260546e-18,2.218380811587889e-19,True
13766.148000000001,4.17268853516962e-18,2.1338391162806338e-19,True
13766.215,4.354791304061386e-18,2.5485643617845564e-19,True
13766.886,3.7920314598044935e-18,1.8353979355980745e-19,True
13811.056999999999,4.301951038389648e-18,2.228800706419091e-19,True
13812.875,3.9301881233003706e-18,2.143691481334185e-19,True
13812.9375,4.124591675602138e-18,2.569521277290569e-19,True
13813.588,3.8508180704722935e-18,1.8320308079352265e-19,True
13859.601999999999,4.144263185699591e-18,2.179905250199791e-19,True
13859.659,3.8355574509932864e-18,2.534210253911091e-19,True
13859.833,2.992632993222502e-18,2.0821442393928224e-19,False
13860.317,3.663460850672925e-18,1.7950909986603733e-19,True
13905.6045,4.39031985388609e-18,2.22928180941957e-19,True
13905.667,4.3924179028536595e-18,2.2094061515480946e-19,True
13906.382,3.617083858734428e-18,2.580585905386018e-19,True
13907.046999999999,3.882902612885636e-18,1.794871853748389e-19,True
13952.386999999999,4.8888160115809785e-18,2.256474778090061e-19,False
13953.104,4.298689215024023e-18,2.6293284712711725e-19,True
13953.776000000002,4.0954189207235995e-18,1.831274663221345e-19,True
13954.008999999998,4.160405786505886e-18,2.213876120606582e-19,True
13999.105,4.1072192242257805e-18,2.136130576868603e-19,True
13999.782,4.3113657571726825e-18,2.2065954280777896e-19,True
13999.826000000001,3.944509990673708e-18,2.548176254187865e-19,True
14000.506000000001,4.6130057422254976e-18,1.8710858011806659e-19,True
14045.825,4.2422048052948046e-18,2.1210599036399764e-19,True
14046.508999999998,4.180549190321668e-18,2.193778428142945e-19,True
14046.548999999999,4.114728170881853e-18,2.556419927724845e-19,True
14046.736,4.4936226253913694e-18,1.8408167977075525e-19,True
14092.545,4.157843555276071e-18,2.1117764670574352e-19,True
14093.235,3.9028863601000304e-18,2.159229710090914e-19,True
14093.2705,3.7320788108948244e-18,2.508451208994767e-19,True
14094.495,4.241477270378624e-18,1.777931634200957e-19,True
14139.265,3.855787123148617e-18,2.0829178052545519e-19,True
14139.962,3.8768238542625714e-18,2.217600221756727e-19,True
14139.993,4.085011040500002e-18,2.541282516746166e-19,True
14140.695,4.168870621326498e-18,1.7363827842024799e-19,True
14185.983999999999,4.169307279616783e-18,2.0660308899725964e-19,True
14186.688,3.994800534904269e-18,2.212956668926564e-19,True
14186.715,4.2595862414697476e-18,2.5631821909300807e-19,True
14187.425,3.977230876260935e-18,1.7015511340534273e-19,True
14232.703000000001,4.525062673154013e-18,2.0732350204381812e-19,True
14233.415,4.088400117641802e-18,2.176600095295487e-19,True
14233.4375,3.900964934076011e-18,2.553160958408247e-19,True
14234.153999999999,4.2248154802535676e-18,1.720352495803361e-19,True
14279.423,4.3609425985700195e-18,2.0472865018332523e-19,True
14280.142,4.239161259175229e-18,2.1768002711722467e-19,True
14280.16,4.248948402251422e-18,2.5742739116985883e-19,True
14280.883999999998,4.019652702383076e-18,1.6839840946335859e-19,True
14326.143,4.418138724184793e-18,2.026950926196101e-19,True
14326.868,4.3379040763961915e-18,2.1916153596083024e-19,True
14326.883,4.234109895999168e-18,2.570572578626473e-19,True
14327.613000000001,3.752233780538003e-18,1.6410290271458615e-19,True
14372.862,4.324272123264378e-18,2.0064443428158084e-19,True
14373.595,4.128232200986564e-18,2.166037167073001e-19,True
14373.6045,4.3778061851189026e-18,2.59890676990617e-19,True
14374.344,3.8604734031050025e-18,1.6380786374211114e-19,True
14419.581,4.388192282495293e-18,2.0178665908218593e-19,True
14420.321000000002,4.1499699538231066e-18,2.18156608023652e-19,True
14420.327,4.078662058433266e-18,2.5826009525356983e-19,True
14421.073,4.1143410905045616e-18,1.6615368411140068e-19,True
14466.296999999999,3.879932323414692e-18,1.946408031690312e-19,True
14467.043,3.912540715210221e-18,2.1428550089835254e-19,True
14467.048999999999,4.082380885545728e-18,2.5816040522943963e-19,True
14467.803,3.958793197745229e-18,1.6348975565952787e-19,True
14513.016000000001,3.9647284228277685e-18,1.9625266686162309e-19,True
14513.77,4.192191985353328e-18,3.4014280874171606e-19,True
14514.521,3.878446130420828e-18,1.6327170075315692e-19,True
14559.735,3.7628980092964535e-18,1.930718364492316e-19,True
14560.491000000002,3.695771285219861e-18,2.551838230040109e-19,True
14560.496000000001,4.001879361519081e-18,2.1090734209016925e-19,True
14561.251,4.18212369314702e-18,1.673652106313389e-19,True
14606.455,4.023524282367958e-18,1.95684645934086e-19,True
14607.214,3.5945829558370034e-18,2.541149335169121e-19,True
14607.223,3.964503032168233e-18,2.0918000589616507e-19,True
14607.98,3.927974876935665e-18,1.6436240386409118e-19,True
14653.173999999999,3.873804111321643e-18,1.9577962105706359e-19,True
14653.936000000005,4.0718814148761525e-18,2.531540805656989e-19,True
14653.948999999999,3.8016169575699576e-18,2.0577396142002375e-19,True
14654.71,3.2820742788185236e-18,1.5681079608180687e-19,False
14699.893999999998,4.098556627745338e-18,1.974308239983476e-19,True
14700.658000000001,4.033221707838411e-18,2.519686747454225e-19,True
14700.677,3.681129345111603e-18,2.0288879863975245e-19,True
14701.438999999995,3.494383572090308e-18,1.5867656941422349e-19,True
14746.613000000001,3.5812857835101495e-18,1.9194706450743393e-19,True
14747.38,3.7142090226812795e-18,2.4723962989711593e-19,True
14747.403,3.802196192143357e-18,2.0224904648603045e-19,True
14748.169,3.634837606468191e-18,1.6074770035479404e-19,True
14793.333,3.8015754149332015e-18,1.9621184045301628e-19,True
14794.103000000001,3.896745097708029e-18,2.470802334058201e-19,True
14794.13,3.7747912305228395e-18,2.007004878285828e-19,True
14794.899,3.5231945237793694e-18,1.6075291603736284e-19,True
14840.053,3.773930684956239e-18,1.927470002683891e-19,True
14840.823999999999,4.105307444700377e-18,2.4671890877388966e-19,True
14840.855,3.59953086821749e-18,1.9814350448179787e-19,True
14841.628999999999,3.699812482679216e-18,1.6242472799965724e-19,True
14886.771,3.730400402051201e-18,1.9412124047856478e-19,True
14887.546999999999,3.999767345680128e-18,2.4269423705261873e-19,True
14887.582,3.8281917565400605e-18,1.9725035087969867e-19,True
14888.358,3.56507522252195e-18,1.5941924735519185e-19,True
14933.491000000002,3.612342374660517e-18,1.908204560401196e-19,True
14934.268999999998,4.081915993034436e-18,2.428021646169534e-19,True
14934.309,3.770206083333641e-18,1.9273595216781312e-19,True
14935.088,3.5293058669673154e-18,1.5858592652217264e-19,True
14980.211000000001,3.611939264204636e-18,1.9008311674983495e-19,True
14980.991000000002,3.676124711303153e-18,2.3032434960555387e-19,True
14981.036,3.3423811343194573e-18,1.8561836314734182e-19,True
14981.8,3.513818032716861e-18,1.5967816721315108e-19,True
15026.93,4.000101473894327e-18,1.9509084395994066e-19,True
15027.714,3.717820608065948e-18,2.313938202594293e-19,True
15027.763,3.413440558730431e-18,1.8456320715252234e-19,True
15028.565,3.710527246587378e-18,1.6141092900345772e-19,True
15073.65,3.5589137908326324e-18,1.902630918989052e-19,True
15073.969,3.4032249494151167e-18,2.253486071991918e-19,True
15074.489,3.597457474116173e-18,1.8514075868439261e-19,True
15075.276000000002,3.62175063342454e-18,1.5990966127929266e-19,True
15120.368999999999,3.527865249478959e-18,1.9313472825944112e-19,True
15121.216,3.4253554447591647e-18,1.8226901110400865e-19,True
15121.368999999999,2.998881715607836e-18,2.3495982575336137e-19,True
15122.006000000001,3.3054916046395878e-18,1.57859018504083e-19,True
15167.089,3.768884256827353e-18,1.9251508662055503e-19,True
15167.88,3.9331016237169644e-18,2.2781630175135675e-19,True
15167.942,3.3614228810516997e-18,1.8077096055399727e-19,True
15168.736,2.6574421882530424e-18,1.5874520075258967e-19,False
15213.809,3.3911421167278675e-18,1.9165183734528304e-19,True
15214.603000000001,3.869809266939015e-18,2.2305667569987923e-19,True
15214.669,3.6992146039661e-18,1.8347378217202588e-19,True
15215.466,2.5086398148549422e-18,1.5647036128688823e-19,False
15259.288999999999,3.5925918892168824e-18,1.9701507123293487e-19,True
15260.818000000001,3.688261169571098e-18,2.219833423097663e-19,True
15261.396,3.2526137606292137e-18,1.7859958955649573e-19,True
15262.195,3.1616217266671923e-18,1.6194471604219908e-19,True
15308.123,3.3838141097219462e-18,1.834840035196836e-19,True
15308.145,2.982178648443341e-18,1.9764237879832463e-19,True
15308.275,3.6418358263934634e-18,2.2586477042340946e-19,True
15308.925,3.29788983292112e-18,1.6619328950121685e-19,True
15353.268999999998,2.796507779058268e-18,1.6322485961750862e-19,True
15353.966999999999,3.4464988657749386e-18,2.02561271622148e-19,True
15354.77,3.0778372611935212e-18,2.1814910733637055e-19,True
15354.798999999999,3.3298896436427636e-18,1.912969417536896e-19,True
15400.142,3.063605935415032e-18,2.1740735472106318e-19,True
15400.687,3.576865238469918e-18,2.0693983415303565e-19,True
15401.636,3.4012794188084486e-18,1.9131322932882905e-19,True
15405.008,2.567890797350333e-18,1.6564660870030464e-19,False
15447.391000000001,3.527605242881078e-18,2.0789911068936172e-19,True
15448.303,3.527914477377344e-18,1.8967763427270784e-19,True
15448.94,2.3455154397384568e-18,2.2338394338153876e-19,False
15449.113000000001,3.018742801406315e-18,1.7192564214883203e-19,True
15494.136999999999,3.7141023223475216e-18,2.1479462671060906e-19,True
15494.937,3.214666522165253e-18,2.186861378455866e-19,True
15495.028999999999,3.6205292146888834e-18,1.8865149219731773e-19,True
15495.51,3.237367696729888e-18,1.7571278698039812e-19,True
15539.625,3.0158171650597385e-18,1.760327990482778e-19,True
15540.846000000001,3.785327885630491e-18,2.119712611716619e-19,True
15541.659,3.7349949505007484e-18,2.2014888031107255e-19,True
15542.948999999999,3.4562712710602073e-18,1.767576339273073e-19,True
15586.747,3.1770560482599303e-18,2.0085933397495702e-19,True
15588.381000000001,3.0970789475325362e-18,2.0508475267905527e-19,True
15589.303,3.50115214403563e-18,1.7167264361790519e-19,True
15590.906,2.8933581007170704e-18,1.720069167773957e-19,True
15634.775,3.4461719520131262e-18,2.1309595981254475e-19,True
15635.104,2.9450993168239822e-18,1.9729283367091354e-19,True
15635.21,3.366526258139665e-18,1.7140145423262234e-19,True
15636.032,3.1280395329602613e-18,1.629816758446208e-19,True
15680.26,3.594107789703867e-18,1.7140266976504572e-19,True
15681.003999999999,2.9743162438252893e-18,1.94295347535197e-19,True
15681.826000000001,3.2753854943117205e-18,1.9903827976198726e-19,True
15682.761999999999,3.319611387102725e-18,1.635070443193626e-19,True
15727.723,3.562479733066428e-18,1.983033421849585e-19,True
15728.548,3.0759188504727735e-18,1.9294975959397991e-19,True
15729.491000000002,3.069499368480665e-18,1.5924589478950007e-19,True
15730.615,3.387296595896772e-18,1.6505474660420264e-19,True
15774.442,3.4633867507863737e-18,1.9701709182918487e-19,True
15775.2705,2.9016897646536923e-18,1.908578708579364e-19,True
15775.39,3.436403633503216e-18,1.6011043766651008e-19,True
15776.221000000001,2.9566473179750516e-18,1.5718403553082883e-19,True
15821.162,2.9594825199697742e-18,1.9172745133608518e-19,True
15821.992,3.6019898597770475e-18,1.9223328978728077e-19,True
15822.117,3.328275641869401e-18,1.5652471086952402e-19,True
15822.95,2.8455033338791463e-18,1.5675036711249818e-19,True
15867.882,3.388275796643416e-18,1.9894780858873624e-19,True
15868.715,3.1164905150571853e-18,1.8598947702705152e-19,True
15868.844,3.2067395847980006e-18,1.5454605229138143e-19,True
15869.681,2.9962723082762347e-18,1.5982583962883794e-19,True
15914.601,3.0486599669426506e-18,1.9889771922633191e-19,True
15915.4375,2.8945459299715742e-18,1.8297776452358465e-19,True
15915.57,3.173017345639845e-18,1.5348150448260625e-19,True
15916.41,2.8285669368804587e-18,1.5835983366523134e-19,True
15961.32,3.364050424395472e-18,2.0641409131491328e-19,True
15962.16,2.6643945306453047e-18,1.817726611416018e-19,True
15962.296999999999,2.7787899039259073e-18,1.4801756833476038e-19,True
15963.14,2.902610577116843e-18,1.6069984442809448e-19,True
16008.04,3.267870639955035e-18,2.00889396869436e-19,True
16008.882,2.9376999061919604e-18,1.814059472214166e-19,True
16009.023000000001,2.8918939715869387e-18,1.4968515910731719e-19,True
16009.868999999999,3.374604575084405e-18,1.678446915945198e-19,True
16054.76,3.0414727782514942e-18,1.9955283175196998e-19,True
16055.6045,3.149139695982096e-18,1.8281953357293238e-19,True
16055.75,2.9326581388224293e-18,1.4820388540130653e-19,True
16056.598999999998,3.178758023311051e-18,1.6619322337613586e-19,True
16101.4795,3.116481896923293e-18,2.0445971712576999e-19,True
16102.327,3.2740919326956504e-18,1.8405609395084754e-19,True
16102.476999999999,2.830863597390913e-18,1.4563341258739527e-19,True
16103.328000000001,2.9048914614685873e-18,1.643338531345076e-19,True
16148.198,2.782012550801251e-18,2.038576458953612e-19,True
16149.05,2.7868636169602397e-18,1.7708016547997202e-19,True
16149.204,3.01847726771213e-18,1.4773967257587612e-19,True
16150.058,2.9092606575973074e-18,1.669394981645426e-19,True
16194.918,3.299449913417108e-18,2.0995696655178413e-19,True
16195.753,2.837357804132586e-18,1.76093605040748e-19,True
16195.931,3.223418197291759e-18,1.5160027033844874e-19,True
16196.787,2.8261447019189248e-18,1.676463193272172e-19,True
16241.636999999999,3.1897490245838305e-18,2.1006019770704732e-19,True
16242.508999999998,2.697582107051073e-18,1.7854155617544772e-19,True
16242.657,3.1360812745247273e-18,1.50870939151286e-19,True
16243.518,2.8707576293120018e-18,1.6945979886831684e-19,True
16288.356000000002,3.007809178231873e-18,2.1205516709762994e-19,True
16289.216,2.607496174475364e-18,1.7459177185464453e-19,True
16289.383999999998,2.941679176551928e-18,1.4823573272011635e-19,True
16290.247,2.8901203174653647e-18,1.7449474274475815e-19,True
16335.076000000001,2.761240790851686e-18,2.1058326796583852e-19,True
16335.938,2.5939064538368155e-18,1.7520695258098311e-19,True
16336.111,2.8177795526606267e-18,1.4763796030993328e-19,True
16336.976,2.631498393550754e-18,1.7231741387637035e-19,True
16381.181,3.0347780684690703e-18,2.1492228823246589e-19,True
16382.661,2.9668147787960797e-18,1.7888185671422859e-19,True
16382.838,2.5569973645509956e-18,1.4364603799783182e-19,True
16383.705,2.518757274862556e-18,1.723588957420042e-19,True
16428.758,3.088231620992436e-18,2.2493789962143903e-19,True
16429.383,2.6207583727750198e-18,1.745003163783445e-19,True
16429.564,2.781071980386604e-18,1.4530856395852898e-19,True
16430.436,2.65208001254558e-18,1.741967753269706e-19,True
16475.234,3.138560087377586e-18,2.250223332191721e-19,True
16476.105,2.4274770186095466e-18,1.7363864947146364e-19,True
16476.291,3.0738458768012336e-18,1.5392793980468686e-19,True
16477.164,2.750237547961499e-18,1.7938634464600964e-19,True
